<DTYYYYMMDD>,<Open>,<High>,<Low>,<Close>,<Volume>
20180105.0,18.2403,18.5209,17.0711,18.522,32205910.0
20180108.0,18.708,18.708,18.5209,18.5688,3321420.0
20180109.0,18.5677,18.6145,18.1935,18.5922,4537340.0
20180110.0,18.3338,18.8483,18.2871,18.8494,8726070.0
20180111.0,18.8951,19.8773,18.8483,19.8784,9874500.0
20180112.0,19.924,21.2582,19.924,21.2582,18714750.0
20180115.0,21.2804,21.3739,20.5788,21.2816,6559820.0
20180116.0,20.8594,21.14,20.7893,21.0243,6271100.0
20180117.0,20.9997,21.0231,19.9708,19.972,5794700.0
20180118.0,19.924,20.58,19.5031,20.58,5371340.0
20180119.0,20.8127,21.561,20.8127,21.1413,6728810.0
20180122.0,20.953,21.2336,20.7191,21.188,4402360.0
20180125.0,21.2804,22.5899,21.0465,22.3574,10284390.0
20180126.0,22.3561,22.4964,21.6545,21.9832,5637470.0
20180129.0,22.0287,22.2158,21.6545,22.0066,6592140.0
20180130.0,22.0053,22.0053,21.3739,21.9832,6121930.0
20180131.0,21.9351,21.9351,21.5142,21.7961,5581950.0
20180201.0,21.7948,21.8416,21.4207,21.5155,3428660.0
20180202.0,21.5142,21.5155,21.1868,21.5155,4567580.0
20180205.0,21.14,21.18524463868343,20.72014932370716,20.1123,3353170.0
20180206.0,19.1757,19.316,18.708,19.1768,3906020.0
20180207.0,19.8305,20.5098,19.7837,20.5098,4238270.0
20180208.0,20.5086,21.444,20.345,21.001,4667920.0
20180209.0,20.4853,20.9062,19.6902,20.8606,3454800.0
20180212.0,20.9062,21.9819,20.8828,21.7493,3436010.0
20180213.0,21.9585,21.9585,21.2804,21.7961,5066980.0
20180221.0,21.9351,22.0287,21.2804,21.8429,3263200.0
20180222.0,21.6077,21.6077,21.0465,21.0477,2243860.0
20180223.0,21.0465,21.7481,20.7425,20.8372,2175420.0
20180226.0,20.836,21.5142,20.4151,20.58,2378080.0
20180227.0,20.8127,20.8594,20.0176,20.8139,1579540.0
20180228.0,20.5788,20.8127,20.1111,20.7671,2241390.0
20180301.0,20.2514,20.5788,20.2046,20.5566,2739770.0
20180302.0,20.345,20.3695,20.2046,20.3695,1808640.0
20180305.0,20.3917,20.4385,20.0643,20.1123,2578830.0
20180306.0,20.1111,20.3683,20.0176,20.2058,2479350.0
20180307.0,20.2046,20.532,19.7369,19.8784,1357460.0
20180308.0,20.1111,20.345,19.5499,19.8784,2182740.0
20180309.0,19.6902,20.2982,19.5966,19.8784,1018640.0
20180312.0,19.8773,20.0643,19.7369,19.8784,1427550.0
20180313.0,19.8773,19.8773,19.6668,19.7849,1687940.0
20180314.0,19.8773,20.6957,19.8305,20.58,5974370.0
20180315.0,20.5788,20.8594,20.5788,20.8139,4347760.0
20180316.0,20.953,20.9542,20.8127,20.9542,2863300.0
20180319.0,20.953,21.2102,20.7191,21.1413,4333110.0
20180320.0,20.9763,20.9997,20.5788,20.58,2666350.0
20180321.0,20.5788,20.6723,20.1813,20.3461,2119630.0
20180322.0,20.345,20.5788,19.8773,19.8784,2881270.0
20180323.0,19.6434,19.7369,19.1289,19.6445,2122680.0
20180326.0,19.2225,20.4397,19.2225,20.4397,3490240.0
20180327.0,20.4385,21.0231,20.4385,20.9542,4513810.0
20180328.0,20.8594,21.2582,20.7893,21.2582,3904720.0
20180329.0,21.2804,21.6545,21.257,21.5155,3603320.0
20180330.0,21.5142,21.5142,21.0465,21.4687,2358520.0
20180402.0,21.5142,21.561,21.2804,21.3284,2317540.0
20180403.0,21.2336,21.4207,21.1167,21.3284,2115830.0
20180404.0,21.4674,21.7948,21.3271,21.7493,5350390.0
20180405.0,21.7481,21.8884,21.6077,21.7259,2804190.0
20180406.0,21.7247,21.7481,21.561,21.7259,2975100.0
20180409.0,21.7481,22.7783,21.6545,22.7783,7770500.0
20180410.0,22.9173,23.667,22.9173,23.667,9215650.0
20180411.0,23.6656,23.7592,23.0108,23.4331,5630290.0
20180412.0,23.1512,23.3382,22.9173,22.9654,2705590.0
20180413.0,23.1745,23.4318,22.9641,23.3864,3033930.0
20180416.0,23.385,23.993,23.0108,23.8541,2836140.0
20180417.0,24.0866,24.1801,23.6656,23.7605,1678660.0
20180418.0,23.8059,24.5075,23.6656,24.2283,4624790.0
20180419.0,24.2736,24.2736,23.98548066990561,23.0122,3452260.0
20180420.0,22.9173,23.4331,22.777,23.4331,1802740.0
20180423.0,23.1512,23.530231903531135,22.88194292595538,21.7961,3902200.0
20180424.0,21.5142,21.7013,21.283321818862046,21.0477,3013200.0
20180426.0,21.0465,21.370815206120195,20.849860561024357,19.7381,3073110.0
20180427.0,19.6434,20.1345,19.5499,20.0187,1706640.0
20180502.0,19.6434,20.0643,19.1757,19.6445,1017430.0
20180503.0,19.4096,20.3461,19.1991,20.3461,2085150.0
20180504.0,20.5788,20.5788,20.0176,20.1123,646170.0
20180507.0,20.345,20.5788,19.8773,20.3461,1601930.0
20180508.0,20.345,20.345,20.0643,20.2058,1157790.0
20180509.0,20.1111,20.1579,19.6434,20.0655,525060.0
20180510.0,20.0643,20.313370836746127,19.661696646345074,18.7091,961790.0
20180511.0,18.708,19.3639,18.2871,19.3639,819170.0
20180514.0,19.4096,19.6434,18.8483,18.943,550760.0
20180515.0,19.1289,19.316,18.8717,19.13,1347990.0
20180516.0,19.1289,19.1289,18.6145,18.7792,999600.0
20180517.0,18.9419,19.0822,18.8015,18.943,701400.0
20180518.0,19.1289,19.3862,18.8015,18.9663,1552940.0
20180521.0,19.1757,19.316,18.9419,19.2236,1746750.0
20180522.0,18.8015,18.9886,17.8895,18.2414,1406120.0
20180523.0,18.2403,18.3806,17.817716039270493,17.6333,959240.0
20180524.0,17.7726,17.93545871031077,17.374775661921955,16.6043,2368050.0
20180525.0,16.6034,16.6969,16.0421,16.4874,2692400.0
20180528.0,16.3695,16.499652234060612,15.895028262910467,15.3415,2696050.0
20180529.0,15.9018,16.3938,15.6446,16.3938,3943980.0
20180530.0,16.8372,17.492,16.3227,17.1656,4462960.0
20180531.0,16.9307,17.244174338087525,16.9307,18.2414,1875240.0
20180601.0,18.4742,19.4797,18.1468,19.2704,2692760.0
20180604.0,19.2225,20.1123,18.9886,20.1123,2343110.0
20180605.0,20.1111,20.5788,19.9708,20.2058,2204580.0
20180606.0,20.2046,20.345,20.0176,20.2058,1099960.0
20180607.0,20.1579,20.953,20.0643,20.8606,1512020.0
20180608.0,20.8127,20.8828,20.2046,20.2994,863640.0
20180611.0,19.8773,20.0176,19.5966,19.5978,1676050.0
20180612.0,19.4096,19.4096,19.155516464858778,19.13,2322470.0
20180613.0,19.1289,19.6434,19.1289,19.1768,377960.0
20180614.0,19.4096,19.70760144015772,19.1675612372018,18.3349,348610.0
20180615.0,18.3338,18.5209,17.8661,18.2881,1092080.0
20180618.0,18.0065,18.22082515705502,17.76739618398737,17.2124,1403380.0
20180619.0,16.1824,16.390692173427674,16.1824,17.2124,3075220.0
20180620.0,16.0469,16.29475769807518,16.0469,17.5998,932640.0
20180621.0,17.6952,17.8406,17.4528,17.6967,406740.0
20180622.0,17.6952,18.1331,17.4528,18.1331,1144370.0
20180625.0,18.277,18.3012,18.0346,18.0846,299190.0
20180626.0,17.4528,17.8649,17.4528,17.8422,427490.0
20180627.0,17.8406,18.1315,17.5498,17.5513,336910.0
20180628.0,17.4043,17.5013,16.7256,16.7755,757470.0
20180629.0,17.1134,17.527,16.871,17.527,1234320.0
20180702.0,17.5255,17.6467,16.9195,17.5513,862020.0
20180703.0,17.5982,17.6952,16.6771,16.824,2350580.0
20180704.0,16.4832,16.9195,16.2893,16.6301,1296750.0
20180705.0,16.8226,17.053535506623028,16.291349120645847,15.9028,1595010.0
20180706.0,15.9014,16.9695,15.3197,16.9695,3135130.0
20180709.0,17.0165,17.2589,16.9195,17.0664,1255590.0
20180710.0,16.968,17.477,16.9195,17.018,598240.0
20180711.0,16.7256,16.7741,16.420915876197515,15.9028,1553920.0
20180712.0,15.9984,16.2408,15.756,15.9998,1495050.0
20180713.0,15.9984,16.2893,15.9742,16.218,1692220.0
20180716.0,16.2893,16.362,16.1196,16.2665,1286340.0
20180717.0,16.265,16.2665,15.9014,16.2665,1614890.0
20180718.0,16.3135,17.2346,16.3135,17.0907,2167560.0
20180719.0,17.1134,17.5013,17.0165,17.018,1856420.0
20180720.0,17.1619,17.1634,16.4832,17.1634,1708540.0
20180723.0,17.065,17.2346,16.871,17.0664,1336380.0
20180724.0,16.968,17.0407,16.4832,16.4846,1170400.0
20180725.0,16.4832,16.7498,16.1438,16.2422,951530.0
20180726.0,16.2408,16.265,15.756,15.9028,1232550.0
20180727.0,16.2893,16.2893,15.9984,16.1937,804460.0
20180730.0,16.6286,17.0664,16.5317,17.0664,846700.0
20180731.0,17.065,17.3801,16.6771,17.2604,1501400.0
20180801.0,17.3074,17.5013,17.2589,17.3331,2113740.0
20180802.0,17.3316,17.3316,16.871,17.0664,1148030.0
20180803.0,17.0892,17.4528,17.0165,17.3816,2661080.0
20180806.0,17.3801,17.4528,17.2104,17.3816,1511810.0
20180807.0,17.3801,17.7922,17.3074,17.5513,2250840.0
20180808.0,17.574,17.7922,17.4528,17.6967,1205980.0
20180809.0,17.7437,17.9376,17.6467,17.6483,1752060.0
20180810.0,17.6467,17.9876,17.5498,17.9876,2193310.0
20180813.0,17.9861,18.1331,17.8406,18.1331,1514640.0
20180814.0,18.0103,18.18,17.6467,18.1331,1311490.0
20180815.0,18.1315,18.3254,17.5982,17.6967,1012930.0
20180816.0,17.4528,17.9376,17.3074,17.7695,1176710.0
20180817.0,17.7922,17.8891,17.4043,17.4058,937170.0
20180820.0,17.4043,17.4286,16.7498,16.9695,1385060.0
20180821.0,16.968,17.2119,16.9195,17.2119,1140970.0
20180822.0,17.2346,17.5498,17.2104,17.4543,1105020.0
20180823.0,17.4528,17.5498,17.3558,17.4058,1091800.0
20180824.0,17.4043,17.477,17.3074,17.4543,1640170.0
20180827.0,17.477,17.5255,17.4043,17.4543,904340.0
20180828.0,17.4528,17.5255,17.4286,17.4786,1050000.0
20180829.0,17.5013,18.0361,17.4528,18.0361,2510990.0
20180830.0,18.0346,18.5436,17.9861,18.521,2950700.0
20180831.0,18.5194,18.5436,18.3254,18.4967,1595260.0
20180904.0,18.4224,18.4224,18.083,18.1331,1424210.0
20180905.0,18.1315,18.18,17.7194,17.9392,1248240.0
20180906.0,17.9376,17.9861,17.5982,17.6967,822860.0
20180907.0,17.6952,17.8649,17.5982,17.7695,1175460.0
20180910.0,17.7679,18.0346,17.7679,17.9392,935940.0
20180911.0,18.0103,18.1315,17.9134,17.9876,1228580.0
20180912.0,18.0103,18.18,17.9618,17.9876,956470.0
20180913.0,18.0103,18.7375,18.0103,18.7149,3510820.0
20180914.0,18.7133,18.883,18.5921,18.7149,1760330.0
20180917.0,18.7133,18.7618,18.5678,18.6179,1118330.0
20180918.0,18.4224,18.5452,18.277,18.5452,1235490.0
20180919.0,18.5436,18.7133,18.5436,18.6664,1400510.0
20180920.0,18.6648,18.8361,18.5678,18.8361,1453330.0
20180921.0,18.8587,18.883,18.5194,18.8361,1531720.0
20180924.0,18.8345,19.0526,18.8345,18.9088,1568970.0
20180925.0,18.8587,18.9314,18.786,18.8604,1583720.0
20180926.0,18.8587,18.883,18.5678,18.7149,1776240.0
20180927.0,18.7133,18.8345,18.6406,18.6907,1612480.0
20180928.0,18.689,18.883,18.6648,18.8361,1933300.0
20181001.0,18.8345,19.2708,18.8345,19.1028,2572230.0
20181002.0,19.1011,19.1496,18.9557,19.0058,1651980.0
20181003.0,19.0042,19.1496,18.9557,19.127,1658100.0
20181004.0,19.1496,19.2223,18.4951,18.7876,2438910.0
20181005.0,18.786,18.8345,18.4224,18.424,1302170.0
20181008.0,18.2285,18.4224,17.9376,18.327,1623300.0
20181009.0,18.3254,18.4224,18.18,18.2785,1567140.0
20181010.0,18.277,18.3739,18.18,18.327,1622700.0
20181011.0,17.5013,17.9376,17.1134,17.5028,1148170.0
20181012.0,17.3558,17.7679,17.2589,17.6967,1451810.0
20181015.0,17.6952,17.7194,16.8953,17.2119,1388600.0
20181016.0,17.2104,17.9392,17.0165,17.9392,1748130.0
20181017.0,18.0103,18.1315,17.9376,18.0119,1543500.0
20181018.0,18.0103,18.0103,17.6952,17.9149,1439970.0
20181019.0,17.6952,17.6952,17.3558,17.5998,1584310.0
20181022.0,17.5982,17.8649,17.5982,17.6967,1527490.0
20181023.0,17.4528,17.6952,17.2589,17.4543,1139000.0
20181024.0,17.4528,17.574,16.968,16.9695,2303360.0
20181025.0,16.4832,16.7256,16.4832,16.6301,2373490.0
20181026.0,16.7014,17.0407,16.6286,16.6786,2942910.0
20181029.0,16.6771,16.7983,16.2408,16.5331,1778800.0
20181030.0,16.5317,16.6529,15.9984,16.0968,1712920.0
20181031.0,16.1196,16.2166,15.5621,15.9028,2159860.0
20181101.0,15.9014,16.0954,15.8772,15.9271,1827130.0
20181102.0,15.9742,16.2893,15.9742,16.2422,3382980.0
20181105.0,16.2408,16.2893,15.8045,16.1937,2500890.0
20181106.0,16.1923,16.2166,15.9014,15.9271,1838820.0
20181107.0,15.756,16.2166,15.756,16.0968,2098090.0
20181108.0,16.1196,16.2893,16.0469,16.0968,2025730.0
20181109.0,15.9984,16.1196,15.853,15.9028,1871680.0
20181112.0,15.9014,15.9014,15.4651,15.5149,1842290.0
20181113.0,15.3197,15.3197,14.544,14.5453,1993330.0
20181114.0,14.5682,14.706121875431847,13.8168,13.9635,1979430.0
20181115.0,14.035,14.035,13.332,13.5756,2278550.0
20181116.0,13.6956,14.521,13.5986,14.521,3333630.0
20181119.0,14.641,15.1985,14.641,14.9816,2280300.0
20181120.0,14.7379,14.7864,14.544,14.7634,1090170.0
20181121.0,14.3986,14.6665,14.3258,14.6665,1449600.0
20181122.0,14.6894,15.053,14.5682,14.9331,1664180.0
20181123.0,14.9318,14.9561,14.6894,14.6907,1370910.0
20181126.0,14.6894,14.8349,14.3986,14.7877,1255750.0
20181127.0,14.7864,14.8834,14.544,14.6422,1472370.0
20181128.0,14.641,14.715,14.544,14.715,1560030.0
20181129.0,14.7864,14.9803,14.6167,14.6665,1592500.0
20181130.0,14.6652,14.6894,14.3743,14.5453,1497920.0
20181203.0,14.641,15.5378,14.6167,15.5149,2937000.0
20181204.0,15.6106,15.6348,15.1015,15.3695,2077930.0
20181205.0,15.0288,15.3682,14.8834,15.1271,1881730.0
20181206.0,15.1258,15.1258,14.5925,14.7877,1717980.0
20181207.0,14.8349,15.0288,14.8106,14.8362,2250550.0
20181210.0,14.8349,14.8834,14.6894,14.8604,2314250.0
20181211.0,14.8591,14.9318,14.641,14.6422,2216610.0
20181212.0,14.6652,14.9318,14.6652,14.8119,2216500.0
20181213.0,14.8349,14.9561,14.7379,14.8362,2248960.0
20181214.0,14.7864,14.8349,14.5682,14.6422,1580250.0
20181217.0,14.544,14.641,14.3016,14.3028,1586390.0
20181218.0,14.0592,14.2774,13.9622,14.2544,2075950.0
20181219.0,14.2774,14.3016,13.8168,14.0604,1481420.0
20181220.0,13.9138,14.1319,13.8168,14.0847,1487030.0
20181221.0,14.0107,14.2301,13.8653,14.2301,1768200.0
20181224.0,14.2531,14.3016,13.7441,14.0604,1750920.0
20181225.0,13.8168,13.9622,13.4774,13.9392,1557180.0
20181226.0,14.0592,14.0834,13.841,13.9635,1122440.0
20181227.0,14.2046,14.3028,14.0834,14.3028,1242120.0
20181228.0,14.3016,14.6907,14.2046,14.6907,1558390.0
20190102.0,13.6714,13.807478229737018,13.6714,13.6725,723350.0
20190103.0,14.035,14.0592,13.6229,13.6483,1222860.0
20190104.0,13.7198,14.0604,13.5744,14.0604,1129350.0
20190107.0,14.0592,14.3016,13.8168,14.0119,727640.0
20190108.0,14.0107,14.035,13.5744,13.818,1063470.0
20190109.0,13.8653,14.1077,13.8653,14.0119,1246940.0
20190110.0,14.035,14.1077,14.035,14.0604,1859370.0
20190111.0,14.0592,14.3016,14.035,14.1574,2231760.0
20190114.0,14.1562,14.2531,14.0107,14.1089,715340.0
20190115.0,14.1562,14.1804,14.035,14.1574,717930.0
20190116.0,14.1562,14.1574,14.0107,14.1574,895390.0
20190117.0,14.1562,14.1562,14.0107,14.0119,998480.0
20190118.0,14.0592,14.2531,14.0107,14.1089,1417600.0
20190121.0,14.1319,14.3986,14.1077,14.3756,1233280.0
20190122.0,14.3986,14.7137,14.3986,14.5937,1369310.0
20190123.0,14.544,14.6894,14.5198,14.5453,850650.0
20190124.0,14.544,14.6167,14.3986,14.521,725150.0
20190125.0,14.544,14.5925,14.447,14.521,891440.0
20190128.0,14.5198,14.5925,14.447,14.5453,876970.0
20190129.0,14.544,14.5682,14.4713,14.5453,934570.0
20190130.0,14.544,14.5682,14.4713,14.5453,768110.0
20190131.0,14.5925,14.7877,14.5925,14.7877,762510.0
20190201.0,14.7864,14.8349,14.6894,14.7877,1336610.0
20190211.0,14.8349,14.8834,14.7379,14.8604,1150140.0
20190212.0,14.8591,15.1742,14.8349,15.0786,1889530.0
20190213.0,15.1015,15.2712,15.0773,15.1271,1299260.0
20190214.0,15.0773,15.15,14.8349,14.9331,944710.0
20190215.0,14.9318,14.9318,14.641,14.7392,1126100.0
20190218.0,14.7379,14.8591,14.6167,14.8362,1482140.0
20190219.0,14.8349,14.8349,14.4228,14.5453,1535000.0
20190220.0,14.544,14.544,14.3986,14.3998,840490.0
20190221.0,14.3986,14.5198,14.2531,14.4483,1427590.0
20190222.0,14.447,14.7864,14.3743,14.5937,1237000.0
20190225.0,14.641,15.0773,14.641,15.0301,1776680.0
20190226.0,15.0288,15.053,14.7622,14.8604,1122230.0
20190227.0,14.8591,14.9076,14.7864,14.8362,951480.0
20190228.0,14.8349,14.8349,14.544,14.5453,1478660.0
20190301.0,14.544,14.7622,14.544,14.7392,963400.0
20190304.0,14.7379,14.8349,14.641,14.7392,1085020.0
20190305.0,14.7379,14.9561,14.6894,14.8847,1303000.0
20190306.0,14.9076,15.0288,14.7864,14.8847,1108670.0
20190307.0,14.8834,14.9561,14.7379,14.8847,1620040.0
20190308.0,14.7622,14.8349,14.544,14.7392,1212760.0
20190311.0,14.7864,14.7864,14.5925,14.7392,626150.0
20190312.0,14.7379,15.0288,14.6894,14.9816,1505510.0
20190313.0,14.9803,15.15,14.9803,15.0301,2043280.0
20190314.0,15.0288,15.053,14.8834,14.9816,1310490.0
20190315.0,14.9803,15.4894,14.9561,15.418,3064820.0
20190318.0,15.4651,15.659,15.3439,15.418,1392510.0
20190319.0,15.4166,15.6833,15.4166,15.4665,1696390.0
20190320.0,15.4166,15.4651,15.0288,15.3937,931480.0
20190321.0,15.3924,15.4894,15.0046,15.0301,972860.0
20190322.0,15.0288,15.2227,14.9318,15.0301,1239450.0
20190325.0,14.6894,14.8834,14.5682,14.6907,1271210.0
20190326.0,14.6894,14.8591,14.641,14.6907,1421400.0
20190327.0,14.7137,14.8106,14.5682,14.715,1492830.0
20190328.0,14.641,14.8834,14.544,14.618,1479130.0
20190329.0,14.544,14.641,14.4228,14.5453,1153030.0
20190401.0,14.544,14.5682,14.3016,14.3271,1097250.0
20190402.0,14.3501,14.3986,13.8168,13.9635,1518730.0
20190403.0,13.8168,13.841,13.6471,13.6968,1140200.0
20190404.0,13.8168,14.1804,13.8168,14.1574,1613920.0
20190405.0,14.1077,14.1816,14.0107,14.1816,1364970.0
20190408.0,14.1077,14.1319,13.938,14.0119,1065960.0
20190409.0,14.0107,14.1804,13.7926,13.9392,1880540.0
20190410.0,13.841,13.8653,13.5744,13.6241,1714100.0
20190411.0,13.6714,13.7198,13.5502,13.5513,1056670.0
20190412.0,13.5502,13.5986,13.332,13.4301,1429660.0
20190416.0,13.4047,13.8665,13.332,13.8665,1465250.0
20190417.0,13.9138,13.9865,13.8168,13.818,1064030.0
20190418.0,13.7198,13.7683,13.5259,13.6241,1155030.0
20190419.0,13.6229,13.6471,13.5017,13.6241,938990.0
20190422.0,13.6714,13.6714,13.429,13.6241,1243600.0
20190423.0,13.6714,13.7683,13.5502,13.6968,1394220.0
20190424.0,13.7198,13.7683,13.6471,13.7453,1127760.0
20190425.0,13.7683,13.7683,13.4532,13.6241,1239480.0
20190426.0,13.6956,13.7198,13.5744,13.6241,944690.0
20190502.0,13.6714,13.6714,13.4774,13.5998,1303850.0
20190503.0,13.5986,13.6229,13.3805,13.5756,1351590.0
20190506.0,13.5017,13.5017,13.1866,13.2362,992700.0
20190507.0,13.235,13.3078,12.6533,12.6544,1855910.0
20190508.0,12.6048,12.7513,12.4109,12.7513,2118830.0
20190509.0,12.7502,12.9695,12.629,12.9695,1578090.0
20190510.0,12.9926,13.332,12.8714,13.1877,1642950.0
20190513.0,13.1866,13.3816,12.9442,13.3816,3370690.0
20190514.0,13.2835,13.3805,12.9926,13.1877,1545870.0
20190515.0,13.0896,13.4047,12.9442,13.3816,2499810.0
20190516.0,13.2835,13.4047,12.9926,13.2362,2217020.0
20190517.0,13.2108,13.2108,12.9684,13.0907,1413840.0
20190520.0,13.1623,13.1866,13.0169,13.1635,1315780.0
20190521.0,13.1623,13.2108,13.0169,13.1392,1555260.0
20190522.0,13.0896,13.1866,13.0169,13.0907,665200.0
20190523.0,13.0896,13.1138,12.7018,12.8483,1685350.0
20190524.0,12.7987,12.9442,12.726,12.8483,883450.0
20190527.0,12.8472,13.0896,12.823,13.0665,961600.0
20190528.0,13.0411,13.0896,12.7987,13.0423,1003730.0
20190529.0,12.9926,13.1138,12.8472,13.0665,1761010.0
20190530.0,13.0411,13.2835,12.9926,13.2604,2254410.0
20190531.0,13.2108,13.2835,13.0411,13.2362,1768000.0
20190603.0,13.2108,13.2108,12.823,12.9695,1491650.0
20190604.0,12.8957,12.9926,12.7502,12.8968,1348200.0
20190605.0,12.9199,13.0654,12.8957,13.0423,1688710.0
20190606.0,12.9442,13.0896,12.9442,12.9938,779490.0
20190607.0,12.9684,13.0423,12.8472,13.0423,941190.0
20190610.0,13.0411,13.0896,12.823,12.9938,1287780.0
20190611.0,12.8957,13.0411,12.8714,12.9695,865430.0
20190612.0,12.9926,13.0411,12.8714,12.9938,1192730.0
20190613.0,12.9442,13.0169,12.8472,12.8968,1028590.0
20190614.0,12.9684,13.0411,12.7987,12.8968,1780120.0
20190617.0,12.9442,12.9926,12.7745,12.8483,1006060.0
20190618.0,12.8714,12.9442,12.4836,12.6059,1248130.0
20190619.0,12.726,12.7987,12.12,12.7271,1856260.0
20190620.0,12.8472,13.0654,12.7987,13.0423,1786910.0
20190621.0,13.0411,13.1138,12.8472,12.8968,1912930.0
20190624.0,12.9442,12.9926,12.8714,12.921,846740.0
20190625.0,12.8957,12.9926,12.8714,12.9453,641150.0
20190626.0,12.8957,12.9926,12.823,12.8968,1348500.0
20190627.0,12.8714,12.9926,12.823,12.8726,720990.0
20190628.0,13.332,13.3332,13.24646026774464,13.3332,1728220.0
20190701.0,13.0411,13.332,12.9442,13.0423,1206760.0
20190702.0,12.8472,13.0169,12.726,12.8483,1672670.0
20190703.0,12.7987,12.8957,12.6775,12.7513,1192780.0
20190704.0,12.7987,12.8483,12.7018,12.8483,1596370.0
20190705.0,12.8472,12.9199,12.726,12.7271,1051800.0
20190708.0,12.7018,12.7018,12.5321,12.6059,1276780.0
20190709.0,12.6048,12.6786,12.4351,12.6786,1465910.0
20190710.0,12.6533,12.6533,12.4836,12.5817,1818100.0
20190711.0,12.5806,12.726,12.5806,12.6544,1058820.0
20190712.0,12.6533,12.7018,12.5563,12.6786,1058860.0
20190715.0,12.6533,12.726,12.5321,12.6544,971410.0
20190716.0,12.629,12.7018,12.6048,12.6301,1018830.0
20190717.0,12.6533,12.7998,12.6048,12.7998,1838690.0
20190718.0,12.823,12.8472,12.6048,12.7756,1073860.0
20190719.0,12.7745,12.823,12.7018,12.7998,910900.0
20190722.0,12.7987,12.8472,12.5806,12.6544,775190.0
20190723.0,12.6533,12.6786,12.5563,12.6786,892560.0
20190724.0,12.7018,12.7502,12.5806,12.6544,507930.0
20190725.0,12.6533,12.726,12.5078,12.6786,1259970.0
20190726.0,12.6533,12.7018,12.5078,12.6301,1269290.0
20190729.0,12.6048,12.6533,12.5563,12.6059,924560.0
20190730.0,12.629,12.629,12.5321,12.6059,1082500.0
20190731.0,12.6533,12.6533,12.5078,12.5817,1225140.0
20190801.0,12.6048,12.6059,12.5321,12.6059,1079040.0
20190802.0,12.5563,12.6301,12.4594,12.6301,1994450.0
20190805.0,12.6048,12.629,12.3866,12.412,1080940.0
20190806.0,12.4109,12.4109,11.8534,12.1211,2045940.0
20190807.0,12.4109,12.4109,11.8776,12.1211,1645830.0
20190808.0,12.12,12.1211,11.9261,12.1211,1542970.0
20190809.0,12.12,12.7513,12.0958,12.7513,3855360.0
20190812.0,12.823,12.8472,12.5078,12.6786,1252920.0
20190813.0,12.629,12.6533,12.4109,12.6301,1066250.0
20190814.0,12.629,12.7513,12.4594,12.7513,1459040.0
20190815.0,12.4836,12.7756,12.4594,12.7756,1724750.0
20190816.0,12.7502,12.8472,12.6775,12.7998,1822580.0
20190819.0,12.7987,12.8472,12.7018,12.7756,623530.0
20190820.0,12.7502,12.7745,12.629,12.7513,995850.0
20190821.0,12.726,12.8483,12.6533,12.8483,1292810.0
20190822.0,12.7987,12.8241,12.7502,12.8241,914360.0
20190823.0,12.7987,12.7998,12.726,12.7998,893370.0
20190826.0,12.7502,12.7513,12.5078,12.7513,1276690.0
20190827.0,12.7502,12.8483,12.726,12.8483,2423010.0
20190828.0,12.8472,12.8472,12.726,12.7998,720970.0
20190829.0,12.7745,12.7987,12.3382,12.7271,2307000.0
20190830.0,12.6775,12.7745,12.5078,12.6059,1027180.0
20190903.0,12.5563,12.5806,12.4109,12.4604,1398210.0
20190904.0,12.5563,12.5563,12.3382,12.3877,976200.0
20190905.0,12.4109,12.4109,12.2412,12.3877,909790.0
20190906.0,12.3624,12.4109,12.2412,12.3635,996760.0
20190909.0,12.3624,12.4109,12.2412,12.3635,806820.0
20190910.0,12.3866,12.3866,12.0473,12.315,1230850.0
20190911.0,12.3139,12.3382,12.0715,12.315,1300750.0
20190912.0,12.3139,12.4836,12.2654,12.4604,1301200.0
20190913.0,12.4351,12.7018,12.3866,12.6059,1831310.0
20190916.0,12.4351,12.7987,12.4351,12.7513,2225270.0
20190917.0,12.726,12.7502,12.6048,12.7029,1571630.0
20190918.0,12.6775,12.726,12.629,12.6544,905560.0
20190919.0,12.629,12.823,12.629,12.7756,1610140.0
20190920.0,12.7745,12.8472,12.7502,12.7756,1212560.0
20190923.0,12.7745,12.7998,12.726,12.7998,924710.0
20190924.0,12.7745,12.7987,12.6533,12.7271,1312330.0
20190925.0,12.726,12.8241,12.7018,12.8241,1218460.0
20190926.0,12.7987,12.8957,12.7745,12.8483,1921770.0
20190927.0,12.8472,12.9442,12.7987,12.921,2109570.0
20190930.0,12.9199,13.5986,12.9199,13.4301,3492130.0
20191001.0,13.429,13.7683,13.429,13.6968,4476330.0
20191002.0,13.6714,13.7683,13.5986,13.6241,2485740.0
20191003.0,13.5502,13.6471,13.332,13.4786,2394270.0
20191004.0,13.4774,13.5986,13.2835,13.3332,1733690.0
20191007.0,13.332,13.429,13.235,13.2847,1407810.0
20191008.0,13.2835,13.4047,13.235,13.3816,1646150.0
20191009.0,13.3562,13.4047,13.3078,13.3332,1299340.0
20191010.0,13.3562,13.4059,13.2835,13.4059,1538160.0
20191011.0,13.429,13.6471,13.4047,13.5756,2265090.0
20191014.0,13.6471,13.7695,13.6471,13.7695,2796220.0
20191015.0,13.7926,13.841,13.6471,13.721,1432200.0
20191016.0,13.7198,13.7441,13.6229,13.6725,1068290.0
20191017.0,13.6471,13.6714,13.5259,13.5271,1948760.0
20191018.0,13.5744,13.5986,13.4774,13.5513,1281060.0
20191021.0,13.5259,13.5986,13.5017,13.5756,1170010.0
20191022.0,13.5744,13.6956,13.5017,13.5513,1251450.0
20191023.0,13.5259,13.6968,13.4774,13.6968,2508290.0
20191024.0,13.6714,14.1574,13.6229,14.1574,4608210.0
20191025.0,14.1319,14.1804,13.938,14.0119,1586170.0
20191028.0,14.0592,14.0834,13.8895,14.0119,1730470.0
20191029.0,13.9622,14.035,13.841,13.9635,1446260.0
20191030.0,13.938,14.035,13.9138,14.0119,2171950.0
20191031.0,14.0107,14.3501,14.0107,14.2786,4007290.0
20191101.0,14.2289,14.2774,14.035,14.2059,1528630.0
20191104.0,14.1804,14.3028,14.1319,14.3028,2666690.0
20191105.0,14.2531,14.3028,14.1804,14.3028,1544260.0
20191106.0,14.3016,14.3016,14.1077,14.1089,1981650.0
20191107.0,14.1077,14.1804,14.0107,14.1331,1764160.0
20191108.0,14.2046,14.4955,14.1804,14.3756,4099020.0
20191111.0,14.3501,14.3986,14.1077,14.3513,2449980.0
20191112.0,14.3016,14.3501,14.1319,14.3028,2025350.0
20191113.0,14.2774,14.3028,14.1319,14.3028,2306790.0
20191114.0,14.2531,14.3016,14.0592,14.0604,1800960.0
20191115.0,14.0592,14.0834,13.7441,13.7453,2507740.0
20191118.0,13.7926,14.2046,13.7198,13.915,3249280.0
20191119.0,13.938,13.9865,13.8653,13.9635,1798650.0
20191120.0,13.9622,14.0834,13.8168,14.0119,1671860.0
20191121.0,13.938,14.0107,13.7926,13.7938,1711790.0
20191122.0,13.8168,13.8895,13.332,13.4786,1596730.0
20191125.0,13.4774,13.5986,13.3562,13.4786,961390.0
20191126.0,13.5259,13.5986,13.4047,13.4786,1420590.0
20191127.0,13.4774,13.5259,13.0896,13.0907,1153210.0
20191128.0,13.0896,13.1138,12.6048,12.6786,1211930.0
20191129.0,12.6533,12.8714,12.6533,12.8483,957640.0
20191202.0,12.8472,12.8472,12.3866,12.3877,954080.0
20191203.0,12.3866,12.5078,12.2654,12.3877,1045380.0
20191204.0,12.4109,13.2362,12.4109,13.2362,2051210.0
20191205.0,13.4532,13.7683,13.429,13.5271,1719780.0
20191206.0,13.4774,13.5502,13.3805,13.4786,811470.0
20191209.0,13.4532,13.6229,13.332,13.5756,1648450.0
20191210.0,13.5744,13.6229,13.3805,13.4301,1009950.0
20191211.0,13.332,13.6229,13.332,13.5756,1296400.0
20191212.0,13.5744,13.6229,13.5017,13.5756,1185500.0
20191213.0,13.5744,13.6229,13.4532,13.5513,1360290.0
20191216.0,13.5502,13.5502,13.332,13.3574,1188090.0
20191217.0,13.1866,13.332,12.9442,13.0665,1362410.0
20191218.0,12.8714,13.0654,12.6775,12.8241,1218070.0
20191219.0,12.823,12.8472,12.5806,12.7029,1276510.0
20191220.0,12.7018,12.726,12.6533,12.7029,895980.0
20191223.0,12.7018,12.7745,12.6533,12.7513,1102710.0
20191224.0,12.7745,13.0896,12.7745,12.9938,1607030.0
20191225.0,12.9684,13.0896,12.8957,12.9453,833500.0
20191226.0,12.8957,12.9442,12.7987,12.8483,660670.0
20191227.0,12.8472,13.0907,12.823,13.0907,2205190.0
20191230.0,13.0896,13.1138,12.9926,13.0423,898050.0
20191231.0,13.0411,13.3574,12.9926,13.3574,2151310.0
20200102.0,13.332,13.4786,13.1623,13.4786,2142970.0
20200103.0,13.4532,13.4532,13.2835,13.3574,1305640.0
20200106.0,13.332,13.332,12.9926,13.0907,1309500.0
20200107.0,13.0896,13.0896,12.8957,12.9453,865630.0
20200108.0,12.8957,13.0411,12.6775,12.9453,1954710.0
20200109.0,12.9442,13.3805,12.9199,13.3332,2024450.0
20200110.0,13.3562,13.7683,13.3562,13.6241,1917360.0
20200113.0,13.6229,13.6471,13.4047,13.5271,866380.0
20200114.0,13.429,13.6471,13.3805,13.5756,813000.0
20200115.0,13.5744,13.5986,13.4047,13.4544,712440.0
20200116.0,13.4532,13.9138,13.429,13.8907,2717120.0
20200117.0,13.9138,14.035,13.841,13.8422,2061530.0
20200120.0,13.841,13.841,13.6229,13.6968,939700.0
20200121.0,13.6956,14.1077,13.6714,14.0362,1656380.0
20200122.0,14.035,14.0834,13.8168,14.0604,2241630.0
20200130.0,13.9138,13.9138,13.5502,13.5513,1695770.0
20200131.0,13.5017,13.5259,13.324380601737616,13.0907,1891250.0
20200203.0,13.0896,13.3078,12.89662333321833,13.0907,1825080.0
20200204.0,13.1138,13.429,13.0169,13.3574,1620490.0
20200205.0,13.3562,13.8168,13.2108,13.7695,1330510.0
20200206.0,13.7926,14.544,13.7441,14.4968,3301040.0
20200207.0,14.4955,14.5925,14.3501,14.521,1757480.0
20200210.0,14.4713,14.4955,14.1319,14.3028,1230340.0
20200211.0,14.2531,14.3501,13.9865,14.0604,2634890.0
20200212.0,14.0834,14.4955,14.0834,14.1574,1790130.0
20200213.0,14.1804,14.3016,14.1077,14.1574,1237040.0
20200214.0,14.1804,14.3258,13.8653,13.8665,2113640.0
20200217.0,13.8653,13.9392,13.841,13.9392,2070830.0
20200218.0,13.9138,14.0592,13.8895,13.8907,1079920.0
20200219.0,13.8895,13.8895,13.6229,13.818,1704650.0
20200220.0,13.841,13.8895,13.7198,13.7695,1144200.0
20200221.0,13.7441,13.9138,13.6714,13.7695,1193560.0
20200224.0,13.5744,13.5986,13.2108,13.2119,1366630.0
20200225.0,13.0896,13.5986,13.0654,13.5756,1834510.0
20200226.0,13.429,13.6956,13.2593,13.4301,1200270.0
20200227.0,13.4532,13.6229,13.4047,13.5756,1243660.0
20200228.0,13.3562,13.4786,13.1866,13.4786,1033040.0
20200302.0,13.429,13.5744,13.2835,13.4301,1320040.0
20200303.0,13.5744,13.7198,13.3805,13.4301,2539510.0
20200304.0,13.429,13.6956,13.429,13.6483,1566000.0
20200305.0,13.6956,13.8895,13.4532,13.5756,1184690.0
20200306.0,13.5259,13.5756,13.332,13.5756,720180.0
20200309.0,12.9926,13.0169,12.629,12.6301,1611800.0
20200310.0,12.1442,12.9199,12.12,12.5089,2498670.0
20200311.0,12.6048,12.865540951078902,12.445098317874754,11.8786,1355180.0
20200312.0,11.7079,11.952039026490825,11.529513642753141,11.0544,2178450.0
20200313.0,10.302,10.530616193614058,10.302,11.1514,3270420.0
20200316.0,10.8353,11.115878350314475,10.3747,10.5211,2497160.0
20200317.0,10.2778,10.593325868596038,9.8414,10.2787,3084830.0
20200318.0,10.6414,10.6414,10.205,10.3271,1712110.0
20200319.0,10.1808,10.1808,9.881534875699645,10.1332,2289340.0
20200320.0,10.0354,10.1332,9.5748,10.1332,1539210.0
20200323.0,9.5021,9.5021,9.4294,9.4302,695880.0
20200324.0,9.4294,9.5506,9.0658,9.212,1649110.0
20200325.0,9.6475,9.6484,9.2839,9.6484,2066330.0
20200326.0,9.599,9.6475,9.1627,9.5029,3422990.0
20200327.0,9.4536,9.506057676431851,9.108158477505103,8.8484,1966000.0
20200330.0,8.484,8.484,8.2416,8.3635,1797420.0
20200331.0,8.7022,8.8718,8.364160103224577,8.6302,1498980.0
20200401.0,8.6779,9.1878,8.6537,9.1878,752190.0
20200403.0,9.2597,9.4787,9.2112,9.4787,1133750.0
20200406.0,9.5021,9.9393,9.5021,9.9393,2020520.0
20200407.0,9.9384,10.1323,9.7445,10.0605,1134650.0
20200408.0,9.9384,10.0354,9.7202,10.012,1080520.0
20200409.0,10.0111,10.0838,9.7687,10.012,2083860.0
20200410.0,9.7687,9.9384,9.599,9.6968,1576090.0
20200413.0,9.6718,9.7938,9.3809,9.7938,1621270.0
20200414.0,9.8172,9.8172,9.4778,9.6968,1069550.0
20200415.0,9.696,10.012,9.696,10.012,1176120.0
20200416.0,9.9869,10.2778,9.8899,10.1574,1764670.0
20200417.0,10.5202,10.6656,10.399,10.4241,2464460.0
20200420.0,10.5686,10.6414,10.302,10.3514,1505740.0
20200421.0,10.0838,10.1808,9.6718,9.7453,2215800.0
20200422.0,9.4536,9.62763636320532,9.3566,10.0847,1488030.0
20200423.0,10.1808,10.2778,9.793,9.9877,2254760.0
20200424.0,9.9869,9.9877,9.7202,9.9877,2076040.0
20200427.0,9.8899,10.0838,9.8172,9.9393,1764890.0
20200428.0,9.9384,10.0354,9.7445,9.9635,1656080.0
20200429.0,10.0111,10.0354,9.9142,10.012,2104730.0
20200504.0,10.0111,10.4959,9.9626,10.4483,1813200.0
20200505.0,10.4717,10.5202,10.2293,10.4968,1177050.0
20200506.0,10.4717,10.4717,10.2535,10.3756,393860.0
20200507.0,10.5686,10.5686,10.2778,10.3271,1204160.0
20200508.0,10.3262,11.0292,10.3262,10.8605,2216860.0
20200511.0,10.9322,11.1019,10.6656,10.9332,1469200.0
20200512.0,10.9322,11.1019,10.8838,11.0059,1016600.0
20200513.0,10.9565,11.5867,10.7626,11.4908,2269340.0
20200514.0,11.2474,11.3928,11.1504,11.1514,860840.0
20200515.0,11.1504,11.3928,10.9322,11.0786,561390.0
20200518.0,11.005,11.2483,10.9322,11.2483,880590.0
20200519.0,11.4898,11.5867,11.2958,11.418,1318090.0
20200520.0,11.2958,11.417,11.2958,11.3695,435170.0
20200521.0,11.2231,11.3935517607747,11.2231,12.1453,1123550.0
20200522.0,11.6352,11.8776,11.5625,11.5877,1046640.0
20200525.0,11.6352,11.8291,11.5382,11.6847,942600.0
20200526.0,11.4898,11.8059,11.4898,11.8059,755080.0
20200527.0,12.023,12.023,11.4898,11.4908,850800.0
20200528.0,11.6352,11.6352,11.4655,11.4908,510180.0
20200529.0,11.4413,11.7332,11.2716,11.7332,937900.0
20200601.0,11.7564,12.12,11.7564,12.0968,890790.0
20200602.0,12.9199,12.921,12.8472,12.921,2242700.0
20200603.0,13.8168,13.818,13.0896,13.818,1999730.0
20200604.0,13.8168,13.9138,13.4774,13.4786,943650.0
20200605.0,13.2835,13.4774,13.0411,13.3332,931870.0
20200608.0,13.3805,13.5259,13.2108,13.2847,1490380.0
20200609.0,13.2835,13.6229,13.2108,13.5998,1001390.0
20200610.0,13.5986,13.6229,13.2835,13.5756,719230.0
20200611.0,13.4774,13.5259,13.0411,13.1877,1803480.0
20200612.0,12.4109,13.0896,12.4109,13.0423,926890.0
20200615.0,13.8168,13.8895,13.608095720438714,13.2362,2666010.0
20200616.0,13.332,13.3805,13.0896,13.2362,1728880.0
20200617.0,13.235,13.235,12.9926,13.018,589790.0
20200618.0,12.8472,12.9684,12.7502,12.8726,683790.0
20200619.0,12.7745,12.9938,12.7745,12.9938,456590.0
20200622.0,13.0654,13.0654,12.6775,12.8483,644540.0
20200623.0,12.9926,12.9926,12.7745,12.8483,616470.0
20200624.0,12.8472,12.8957,12.7018,12.7271,463340.0
20200625.0,12.629,12.629,12.3624,12.4604,730410.0
20200626.0,12.6048,12.6533,12.1927,12.2907,929440.0
20200629.0,12.12,12.1927,11.5625,11.9756,1592010.0
20200630.0,12.0715,12.1442,11.5625,12.0241,1007010.0
20200701.0,11.8049,12.023,11.6837,11.9029,926460.0
20200702.0,12.12,12.217,11.8534,11.9756,707210.0
20200703.0,12.0958,12.7987,12.023,12.6059,1696380.0
20200706.0,12.6048,12.7502,12.4351,12.6059,776970.0
20200707.0,12.726,12.7502,12.6048,12.6059,674050.0
20200708.0,12.6048,12.6533,12.4594,12.6301,514700.0
20200709.0,12.629,13.235,12.629,13.1877,1668270.0
20200710.0,12.9926,13.2593,12.8957,12.921,1022700.0
20200713.0,12.9442,13.0896,12.7987,12.921,799240.0
20200714.0,12.8957,12.9684,12.726,12.9453,1155520.0
20200715.0,12.9442,13.1866,12.9442,13.018,726130.0
20200716.0,13.0169,13.1877,12.8957,13.1877,828530.0
20200717.0,13.0169,13.1138,13.0169,13.0665,600150.0
20200720.0,12.9684,13.1866,12.9442,12.9695,735140.0
20200721.0,13.0654,13.0654,12.8472,12.8726,658420.0
20200722.0,12.8714,13.0169,12.6533,12.7513,681160.0
20200723.0,12.7502,12.8968,12.6533,12.8968,567900.0
20200724.0,12.7502,12.8472,12.638639574295434,12.2665,1302970.0
20200727.0,11.4898,12.023,11.417,11.418,1665640.0
20200728.0,11.417,11.7806,11.1746,11.6362,1964660.0
20200729.0,11.2474,11.6352,11.1019,11.5392,960200.0
20200730.0,11.4413,11.7564,11.4413,11.6847,500710.0
20200731.0,11.1746,11.6837,11.1746,11.612,691900.0
20200803.0,11.514,11.9261,11.514,11.8301,575950.0
20200804.0,12.0715,12.0715,11.8291,11.9514,477290.0
20200805.0,11.9503,12.4109,11.9018,12.3635,803780.0
20200806.0,12.3624,12.726,12.1685,12.6059,960720.0
20200807.0,12.6048,12.6533,12.4594,12.6301,619710.0
20200810.0,12.6533,12.9926,12.6533,12.8483,1042010.0
20200811.0,12.9442,13.0411,12.7745,12.9453,932030.0
20200812.0,12.9442,13.018,12.8714,13.018,543490.0
20200813.0,13.0411,13.1392,12.9442,13.1392,999550.0
20200814.0,13.235,13.429,13.1381,13.2847,1990240.0
20200817.0,13.3805,13.4532,13.2593,13.3816,1633730.0
20200818.0,13.4532,13.4532,13.1866,13.2847,848890.0
20200819.0,13.2835,13.3078,13.1138,13.1635,736570.0
20200820.0,13.1623,13.2108,13.0169,13.018,1319990.0
20200821.0,13.0411,13.235,13.0411,13.1877,485010.0
20200824.0,13.1866,13.6725,13.1866,13.6725,1508410.0
20200825.0,13.6714,13.8653,13.6714,13.6725,1061180.0
20200826.0,13.5744,13.7926,13.5259,13.6968,661770.0
20200827.0,13.6714,13.7683,13.6229,13.6483,555190.0
20200828.0,13.6471,13.8168,13.6471,13.6725,739830.0
20200831.0,13.6714,13.7926,13.6471,13.7453,730390.0
20200901.0,13.7198,13.8653,13.6956,13.818,912390.0
20200903.0,14.0592,14.4483,14.0107,14.4483,2106380.0
20200904.0,14.3986,14.5198,14.2531,14.3998,1737350.0
20200907.0,14.544,14.544,14.1562,14.1574,1500260.0
20200908.0,14.1562,14.3986,13.8653,14.2544,979100.0
20200909.0,14.0107,14.3016,13.9622,14.1089,967490.0
20200910.0,14.2289,14.3016,14.1077,14.2059,510410.0
20200911.0,14.544,14.9803,14.4955,14.715,2980530.0
20200914.0,14.9318,14.9318,14.5925,14.6665,1657830.0
20200915.0,14.641,14.7137,14.4955,14.4968,1578100.0
20200916.0,14.4955,14.6167,14.3986,14.4725,1270990.0
20200917.0,14.4713,14.5198,14.3501,14.3513,1138420.0
20200918.0,14.3501,14.4955,14.3501,14.4241,1007690.0
20200921.0,14.6167,14.9803,14.6167,14.8847,2060410.0
20200922.0,14.8834,14.9816,14.6894,14.9816,1851750.0
20200923.0,15.0288,15.15,14.9561,15.0543,1057680.0
20200924.0,15.0288,15.0773,14.9803,15.0543,875340.0
20200925.0,15.053,15.1028,14.8834,15.1028,1459450.0
20200928.0,15.3682,15.3682,15.1258,15.2483,1091890.0
20200929.0,15.2712,15.5136,15.15,15.1513,2066420.0
20200930.0,15.2227,15.247,15.0773,15.1756,2597730.0
20201001.0,15.5684,15.8205,15.5369,15.6319,2899450.0
20201002.0,15.7575,15.789,15.2533,15.5689,1937670.0
20201005.0,15.6945,15.7575,15.5684,15.6319,1003200.0
20201006.0,15.663,15.7575,15.5369,15.5689,1594250.0
20201007.0,15.4424,15.6314,15.4108,15.5689,1388290.0
20201008.0,15.5054,15.5999,15.3163,15.4428,1506280.0
20201009.0,15.5369,15.5369,15.4424,15.4428,1414530.0
20201012.0,15.5054,15.5684,15.3163,15.3483,1352010.0
20201013.0,15.3478,15.3793,15.1272,15.1277,1414340.0
20201014.0,15.1272,15.3793,15.0642,15.2853,1323940.0
20201015.0,15.3793,15.5059,15.2533,15.5059,1323190.0
20201016.0,15.5054,15.7575,15.3793,15.6319,1495300.0
20201019.0,15.6945,15.6945,15.5054,15.6004,1258750.0
20201020.0,15.5684,16.1357,15.5684,15.9471,2366670.0
20201021.0,16.1357,16.2617,15.9151,15.9471,2268450.0
20201022.0,15.9466,16.0411,15.7575,15.9156,1653550.0
20201023.0,15.9466,16.0416,15.8205,16.0416,1969110.0
20201026.0,15.9466,16.0411,15.7575,15.758,1907620.0
20201027.0,15.7575,15.7575,15.4739,15.4744,1834730.0
20201028.0,15.4424,15.521521331865735,15.244241189915426,14.4974,3275210.0
20201029.0,14.4969,15.0327,14.4339,14.8756,2158770.0
20201030.0,15.2533,15.3163,14.8436,15.2537,1919800.0
20201102.0,15.2533,15.3798,15.0011,15.3798,1431070.0
20201103.0,15.4424,15.5054,15.1902,15.3483,1538860.0
20201104.0,15.7575,16.1042,15.7575,15.8841,5034090.0
20201105.0,15.852,16.2302,15.7575,15.8841,3137940.0
20201106.0,16.0096,16.0096,15.7575,15.821,1300350.0
20201109.0,16.0096,16.0416,15.8836,16.0416,1689360.0
20201110.0,16.3248,16.3878,16.0411,16.0732,3570080.0
20201111.0,16.0727,16.2623,15.9781,16.2623,3470730.0
20201112.0,16.2617,16.3563,16.2302,16.3253,1765850.0
20201113.0,16.3878,16.3878,16.1672,16.2938,3920880.0
20201116.0,16.3878,16.3878,15.8836,15.8841,6750870.0
20201117.0,16.2617,16.2617,16.1042,16.1992,8312310.0
20201118.0,16.2617,16.2617,16.0411,16.1677,5909160.0
20201119.0,16.0411,16.1357,16.0096,16.0416,4863700.0
20201120.0,16.0411,16.3878,16.0411,16.2623,3751000.0
20201123.0,16.3878,16.5139,16.1987,16.2307,4563820.0
20201124.0,16.2307,16.2307,16.1042,16.1042,5181784.724467591
20201125.0,16.1042,16.1357,15.8836,16.0101,4575840.0
20201126.0,16.0727,16.1672,15.9151,16.0732,4176820.0
20201127.0,16.68,17.16,16.4,17.16,10500540.0
20201130.0,17.44,18.36,17.4,17.6,7093650.0
20201201.0,17.24,17.88,17.2,17.84,5994270.0
20201202.0,17.6,17.8,17.56,17.64,5158140.0
20201203.0,17.6,17.76,17.44,17.44,4923230.0
20201204.0,17.44,17.52,17.36,17.36,3959250.0
20201207.0,17.48,17.52,17.36,17.48,2691150.0
20201208.0,17.52,17.76,17.48,17.76,2911860.0
20201209.0,18.0,18.24,17.88,18.12,5148570.0
20201210.0,18.16,18.16,17.8,17.8,4914350.0
20201211.0,17.84,18.0,17.76,17.8,3316850.0
20201214.0,17.84,18.0,17.76,17.88,3219050.0
20201215.0,17.88,17.92,17.6,17.8,4717840.0
20201216.0,17.76,18.0,17.68,17.92,4559460.0
20201217.0,17.92,18.44,17.68,18.2,6299430.0
20201218.0,18.2,18.96,18.16,18.96,9509510.0
20201221.0,19.2,20.0,19.2,19.96,6290050.0
20201222.0,20.0,20.0,19.44,19.68,4163730.0
20201223.0,19.6,19.68,19.2,19.2,6361130.0
20201224.0,19.2,19.24,18.948797869437065,18.56,6630420.0
20201225.0,18.6,19.28,18.52,19.2,5078510.0
20201228.0,19.36,19.56,18.84,19.08,5670670.0
20201229.0,19.08,19.12,18.84,18.92,3524870.0
20201230.0,18.88,19.12,18.88,18.88,3005990.0
20201231.0,18.96,19.16,18.88,19.0,2587530.0
20210104.0,19.32,19.36,19.12,19.28,6829000.0
20210105.0,19.28,19.92,19.28,19.8,7231800.0
20210106.0,19.84,20.88,19.84,20.52,11331100.0
20210107.0,20.8,21.56,20.76,21.44,8328800.0
20210108.0,21.76,22.0,21.44,21.68,6924700.0
20210111.0,21.76,21.96,21.2,21.48,6768300.0
20210112.0,21.36,21.52,21.04,21.4,5101900.0
20210113.0,21.4,21.6,21.36,21.48,6388800.0
20210114.0,21.6,21.6,21.2,21.44,3675000.0
20210115.0,21.6,22.4,21.56,22.32,7103500.0
20210118.0,22.32,22.32,21.6,21.8,5150200.0
20210119.0,21.6,21.8327333823375,21.2926824140435,20.28,5782200.0
20210120.0,20.28,20.68,19.994610840838142,20.4,6660300.0
20210121.0,20.56,21.04,20.0,20.64,4714900.0
20210122.0,20.64,21.16,20.56,20.88,2937200.0
20210125.0,20.88,20.88,20.4,20.52,2373100.0
20210126.0,20.32,20.32,19.97810876411773,19.6,3770100.0
20210127.0,19.24,19.50267974820703,18.4,18.64,4373100.0
20210128.0,17.36,17.84,17.36,17.36,4508900.0
20210129.0,16.16,16.374916240693526,16.16,17.84,5395400.0
20210201.0,17.92,18.52,17.44,17.76,3380300.0
20210202.0,17.76,18.8,17.56,18.56,3057100.0
20210203.0,18.72,19.28,18.56,19.2,4470000.0
20210204.0,19.2,19.32,18.68,18.84,3323600.0
20210205.0,18.88,19.28,18.84,19.28,3084000.0
20210208.0,18.76,19.28,18.28,18.76,3918400.0
20210209.0,18.88,19.28,18.64,19.28,3156000.0
20210217.0,19.44,20.32,19.28,20.32,4203900.0
20210218.0,20.32,20.64,20.0,20.4,4632300.0
20210219.0,20.08,20.6,19.92,20.44,4034000.0
20210222.0,20.44,20.96,20.44,20.64,6535800.0
20210223.0,20.48,21.0,20.4,20.76,4611000.0
20210224.0,20.8,20.92,20.16,20.36,4438700.0
20210225.0,20.52,20.56,19.84,20.4,4931000.0
20210226.0,20.0,20.32,19.96,20.12,4328500.0
20210301.0,20.24,20.64,20.24,20.64,3271800.0
20210302.0,20.88,21.6,20.72,21.36,8274900.0
20210303.0,21.4,21.84,21.2,21.56,5701400.0
20210304.0,21.52,21.6,20.64,20.96,4433800.0
20210305.0,20.96,21.04,20.48,20.68,5045400.0
20210308.0,20.96,21.04,20.68,20.76,2950800.0
20210309.0,20.68,20.88,20.2,20.76,2548600.0
20210310.0,20.76,20.96,20.48,20.88,2806700.0
20210311.0,21.2,21.28,20.88,21.12,3621700.0
20210312.0,21.2,21.48,21.16,21.32,4051500.0
20210315.0,21.32,21.44,21.24,21.32,2840700.0
20210316.0,21.44,21.52,21.2,21.44,4549400.0
20210317.0,21.52,22.08,21.52,22.0,7798100.0
20210318.0,22.24,22.24,21.6,22.0,7237000.0
20210319.0,21.84,21.92,21.56,21.72,4935200.0
20210322.0,21.72,21.72,21.36,21.56,3963200.0
20210323.0,21.56,21.56,21.04,21.2,3947000.0
20210324.0,20.88,21.04,20.0,20.4,5338200.0
20210325.0,20.4,20.72,20.32,20.48,4130500.0
20210326.0,20.4,20.76,19.84,20.6,4007600.0
20210329.0,20.8,20.96,20.56,20.8,3149300.0
20210330.0,20.88,21.08,20.68,20.96,4092000.0
20210331.0,21.28,21.44,21.04,21.12,3883700.0
20210401.0,21.28,21.52,21.12,21.44,3531500.0
20210402.0,21.64,21.92,21.6,21.8,6221100.0
20210405.0,22.64,22.64,22.04,22.12,5898700.0
20210406.0,22.12,22.24,21.76,22.08,5343500.0
20210407.0,22.12,22.24,21.92,22.2,4333600.0
20210408.0,22.4,22.56,22.32,22.44,5669400.0
20210409.0,22.52,22.52,22.32,22.4,3890400.0
20210412.0,22.48,22.48,21.6,22.32,9500100.0
20210413.0,22.64,22.64,22.0,22.12,5844900.0
20210414.0,22.12,22.32,21.88,22.32,2954300.0
20210415.0,22.32,22.32,21.88,21.88,4656800.0
20210416.0,21.76,21.92,21.2,21.32,4639500.0
20210419.0,21.84,21.84,21.32,21.84,3695000.0
20210420.0,22.04,22.08,21.64,21.76,3470400.0
20210422.0,21.76,21.76,21.04,21.04,4280300.0
20210423.0,21.04,21.56,20.8,21.52,4256300.0
20210426.0,21.52,21.68,20.88,21.2,3955800.0
20210427.0,21.2,21.56,20.8,21.44,3175700.0
20210428.0,21.44,21.56,21.36,21.48,2933300.0
20210429.0,21.48,21.96,21.48,21.8,4836700.0
20210504.0,21.32,21.84,21.28,21.76,4476200.0
20210505.0,21.84,23.28,21.84,23.24,17394400.0
20210506.0,23.44,23.56,22.88,23.04,5442700.0
20210507.0,22.72,23.280671197794128,22.72,24.0,15743900.0
20210510.0,23.84,25.0,23.84,24.64,9105400.0
20210511.0,24.64,24.8,24.0,24.0,5377400.0
20210512.0,23.84,24.24,23.6,24.16,9313400.0
20210513.0,24.16,24.84,24.08,24.24,9057200.0
20210514.0,24.64,25.2,24.4,24.96,7556800.0
20210517.0,25.16,25.52,24.64,24.92,8422100.0
20210518.0,24.92,24.96,24.4,24.48,7207100.0
20210519.0,24.48,25.24,24.44,25.16,7076700.0
20210520.0,25.16,25.84,24.8,25.6,9768400.0
20210521.0,25.6,26.08,25.36,25.52,5745200.0
20210524.0,25.52,25.68,25.28,25.4,5478200.0
20210525.0,25.2,26.0,25.2,26.0,5954400.0
20210526.0,26.24,26.44,25.92,26.24,4418200.0
20210527.0,26.4,26.72,25.52,25.6,6586700.0
20210528.0,25.76,26.4,25.52,26.28,6061000.0
20210531.0,26.4,27.12,25.92,27.04,10124400.0
20210601.0,27.2,28.0,27.2,27.44,5188000.0
20210602.0,27.2,27.52,26.8,27.2,4972900.0
20210603.0,27.64,28.96,27.44,28.64,8524500.0
20210604.0,28.72,28.8,28.0,28.36,9321600.0
20210607.0,28.56,28.72,27.2,27.72,6948800.0
20210608.0,27.72,28.259548183392045,27.177085568077977,25.84,6496800.0
20210609.0,25.84,27.08,24.8,26.72,5641300.0
20210610.0,26.64,27.2,26.0,26.16,4044400.0
20210611.0,26.24,27.8,26.16,27.56,6158200.0
20210614.0,27.6,27.68,27.2,27.28,4570000.0
20210615.0,27.28,28.48,27.2,27.8,5603100.0
20210616.0,27.36,27.8,26.48,27.04,3846900.0
20210617.0,26.16,27.08,26.16,26.88,4396000.0
20210618.0,27.28,27.64,27.04,27.4,3838700.0
20210621.0,27.16,27.24,26.8,26.92,2916200.0
20210622.0,27.04,27.68,26.88,27.48,4849100.0
20210623.0,27.76,27.76,27.4,27.4,3058700.0
20210624.0,27.4,27.8,27.24,27.4,2880700.0
20210625.0,27.56,28.24,27.4,28.24,4996600.0
20210628.0,28.76,28.88,28.56,28.8,5338200.0
20210629.0,28.68,28.96,28.4,28.72,4712300.0
20210630.0,28.72,28.8,28.4,28.4,3412100.0
20210701.0,28.24,29.16,28.24,29.16,5516400.0
20210702.0,29.2,29.84,29.2,29.76,4656100.0
20210705.0,30.24,30.24,29.2,29.92,5016800.0
20210706.0,30.08,30.48333747524231,29.73863291530002,28.0,5968500.0
20210707.0,28.4,29.2,27.68,29.2,6200500.0
20210708.0,29.12,29.36,28.64,28.76,3761000.0
20210709.0,28.16,28.88,27.92,28.0,3486500.0
20210712.0,27.84,28.16,27.291759831607315,27.04,6482700.0
20210713.0,27.28,27.36,26.24,27.16,2913100.0
20210714.0,27.16,27.2,26.556561331302234,26.12,2836700.0
20210715.0,25.84,26.84,25.84,26.56,2865600.0
20210716.0,27.04,27.04,26.52,26.76,2882400.0
20210719.0,26.28,26.28,24.96,25.52,3417800.0
20210720.0,25.52,26.8,25.04,26.72,2367200.0
20210721.0,26.64,26.8,25.64,25.76,2619400.0
20210722.0,25.6,26.08,25.6,25.92,2413500.0
20210723.0,25.84,26.56,25.8,25.88,4378800.0
20210726.0,25.88,26.08,25.36,26.0,1469100.0
20210727.0,26.08,26.32,25.76,26.0,3511000.0
20210728.0,26.24,26.4,26.04,26.32,3266600.0
20210729.0,26.64,26.76,26.4,26.72,2044800.0
20210730.0,26.8,27.12,26.64,26.96,3336400.0
20210802.0,26.96,27.56,26.72,27.36,3844500.0
20210803.0,27.36,27.92,27.24,27.92,3680900.0
20210804.0,28.0,28.24,27.84,28.04,3243000.0
20210805.0,27.8,28.44,27.68,28.4,3369900.0
20210806.0,28.4,28.48,27.88,28.0,2688800.0
20210809.0,27.92,28.4,27.68,28.4,2588600.0
20210810.0,28.72,28.8,28.24,28.56,3089700.0
20210811.0,28.48,28.68,28.32,28.36,2101700.0
20210812.0,28.24,28.4,28.0,28.04,2057200.0
20210813.0,28.0,28.28,27.4,27.8,2666100.0
20210816.0,27.8,28.6,27.68,28.6,3287100.0
20210817.0,28.76,29.2,28.4,28.6,2284000.0
20210818.0,28.6,28.76,28.4,28.48,1655200.0
20210819.0,28.48,28.8,28.12,28.8,2429400.0
20210820.0,28.08,28.56,27.2,27.6,3131500.0
20210823.0,27.44,27.44,26.72,26.88,2670700.0
20210824.0,26.88,27.32,26.6,26.96,2542400.0
20210825.0,27.2,27.2,26.92,27.04,3519700.0
20210826.0,27.25,27.9,26.85,26.85,2801300.0
20210827.0,26.7,26.8,25.7,26.5,2571400.0
20210830.0,26.6,26.75,26.45,26.7,2054800.0
20210831.0,26.7,26.75,25.95,25.95,1949100.0
20210901.0,25.9,26.3,25.6,25.65,3120000.0
20210906.0,25.7,26.6,25.65,26.35,2910800.0
20210907.0,26.6,26.7,26.35,26.7,1952300.0
20210908.0,27.0,27.0,26.6,26.75,2319700.0
20210909.0,26.6,26.75,26.1,26.4,1965900.0
20210910.0,26.3,26.4,25.9,25.9,2605000.0
20210913.0,25.95,25.95,25.2,25.2,2737500.0
20210914.0,25.1,25.45,24.8,24.8,2116200.0
20210915.0,24.8,25.0,24.7,24.75,1936900.0
20210916.0,25.0,25.2,24.8,25.1,1698800.0
20210917.0,25.2,25.45,25.2,25.45,2214400.0
20210920.0,25.8,26.0,25.7,25.7,1862600.0
20210921.0,25.65,25.65,25.3,25.55,1870000.0
20210922.0,25.55,25.55,25.1,25.45,1509200.0
20210923.0,25.5,25.65,25.2,25.4,1697000.0
20210924.0,25.45,25.65,25.3,25.5,1608800.0
20210927.0,25.6,25.95,25.5,25.5,2164500.0
20210928.0,25.5,25.6,25.25,25.45,3032800.0
20210929.0,25.5,25.65,25.2,25.4,2055500.0
20210930.0,25.25,25.5,25.2,25.4,2452100.0
20211001.0,25.35,25.45,24.8,24.85,2094800.0
20211004.0,24.7,24.9,24.05,24.1,1978700.0
20211005.0,24.15,24.6,24.0,24.5,1150700.0
20211006.0,24.7,24.75,24.2,24.25,1221300.0
20211007.0,24.4,24.4,24.05,24.1,1458700.0
20211008.0,24.2,24.35,24.05,24.35,1393200.0
20211011.0,24.5,25.7,24.5,25.65,2705000.0
20211012.0,25.65,25.75,25.35,25.55,1745400.0
20211013.0,25.7,26.1,25.55,25.7,2856800.0
20211014.0,25.6,26.1,25.4,25.95,2589000.0
20211015.0,25.95,26.0,25.6,25.65,2792100.0
20211018.0,25.7,25.85,25.55,25.7,3820900.0
20211019.0,25.8,25.85,25.3,25.45,2329900.0
20211020.0,25.4,25.7,25.05,25.05,2493600.0
20211021.0,25.1,25.3,24.6,24.6,2785600.0
20211022.0,25.0,25.1,24.55,24.55,2476900.0
20211025.0,24.9,24.9,24.45,24.5,2215300.0
20211026.0,24.55,24.7,24.3,24.7,2018200.0
20211027.0,24.7,25.5,24.6,25.2,3190200.0
20211028.0,25.4,25.6,25.25,25.55,4112200.0
20211029.0,25.55,25.55,25.25,25.25,2942400.0
20211101.0,25.45,25.5,25.25,25.3,3126200.0
20211102.0,25.3,25.6,25.3,25.6,4944500.0
20211103.0,25.65,27.35,25.6,27.2,12652600.0
20211104.0,27.35,27.4,26.95,27.05,5169100.0
20211105.0,27.05,27.1,26.5,26.7,3229100.0
20211108.0,26.8,27.2,26.45,27.0,5282700.0
20211109.0,27.2,27.9,27.2,27.7,7774000.0
20211110.0,27.8,28.3,27.75,28.0,4761000.0
20211111.0,28.0,28.1,27.2,27.7,5559400.0
20211112.0,27.7,28.15,27.45,28.0,4222900.0
20211115.0,28.4,29.45,28.2,28.85,8997600.0
20211116.0,28.95,29.2,27.9,27.9,6752700.0
20211117.0,28.0,28.0,27.4,27.8,4405400.0
20211118.0,27.9,29.0,27.9,28.25,7022000.0
20211119.0,28.65,30.2,28.6,30.2,20848700.0
20211122.0,30.8,32.3,30.8,32.3,13191900.0
20211123.0,32.3,32.3,31.4,31.8,5900600.0
20211124.0,31.9,33.95,31.85,33.5,11827300.0
20211125.0,33.4,33.5,32.5,32.5,8648900.0
20211126.0,32.8,33.91559265012412,31.35,31.35,7905600.0
20211129.0,31.0,32.45,30.4,31.5,11772200.0
20211130.0,32.3,33.256361006439356,31.499519290566877,30.5,8085900.0
20211201.0,30.6,32.0,30.55,32.0,6340200.0
20211202.0,32.4,32.5,31.5,31.5,6081500.0
20211203.0,31.9,32.25,31.0,31.0,9937000.0
20211206.0,30.8,31.638947241514046,30.15695967113913,29.1,9007300.0
20211207.0,29.4,30.45,29.05,30.0,4231300.0
20211208.0,30.2,31.2,29.65,30.3,6574700.0
20211209.0,29.8,30.9,29.8,30.75,3420900.0
20211210.0,30.6,31.4,30.55,30.7,4162000.0
20211213.0,30.7,31.05,30.0,30.05,6201300.0
20211214.0,30.0,30.5,29.6,29.6,4900600.0
20211215.0,29.5,30.85,29.25,30.05,4567700.0
20211216.0,30.4,30.5,29.5,29.7,3467900.0
20211217.0,29.9,30.2,29.4,29.5,5496100.0
20211220.0,29.5,30.0,29.1,29.6,4979300.0
20211221.0,29.6,29.8,29.3,29.4,3182800.0
20211222.0,29.7,30.191781745602974,29.224521424920386,27.9,10243600.0
20211223.0,28.0,28.35,26.6,26.85,7168600.0
20211224.0,27.45,28.7,27.2,28.7,3390900.0
20211227.0,29.35,29.55,28.7,28.75,4551200.0
20211228.0,28.8,30.75,28.65,30.5,8552300.0
20211229.0,30.5,31.4,30.5,30.6,6732400.0
20211230.0,30.6,31.15,30.4,30.6,3794800.0
20211231.0,30.6,31.9,30.2,30.85,7209800.0
20220104.0,31.15,31.75,31.0,31.1,6809800.0
20220105.0,31.0,31.25,30.5,30.5,6545900.0
20220106.0,30.1,31.05,29.95,30.5,6758800.0
20220107.0,30.5,30.85,30.25,30.3,4097600.0
20220110.0,30.1,30.6,29.6,29.6,5767800.0
20220111.0,29.5,30.0,29.0,29.3,4728700.0
20220112.0,29.2,31.2,29.0,30.95,5575800.0
20220113.0,31.3,32.5,30.8,30.8,10388600.0
20220114.0,30.3,31.0,30.2,30.6,2685100.0
20220117.0,30.8,31.80712653448395,30.426858939780153,29.0,7549400.0
20220118.0,29.25,29.9,28.5,29.55,4770700.0
20220119.0,29.55,29.8,28.7,28.75,2704200.0
20220120.0,28.7,29.3,28.4,29.1,2442200.0
20220121.0,29.0,30.0,28.8,29.2,3996600.0
20220124.0,29.2,29.8,28.7,29.0,4631300.0
20220125.0,29.0,30.05,28.95,30.05,4307300.0
20220126.0,30.4,31.5,30.1,30.7,8119600.0
20220127.0,30.7,31.5,30.5,30.8,4975900.0
20220128.0,30.9,31.3,30.75,30.9,4433000.0
20220207.0,31.4,31.9,31.1,31.1,5636100.0
20220208.0,31.15,31.8,30.9,31.4,5773600.0
20220209.0,31.7,32.5,31.5,31.6,7762300.0
20220210.0,31.3,31.65,30.95,31.5,5831800.0
20220211.0,31.4,31.65,31.1,31.2,4089300.0
20220214.0,30.5,30.8,29.2,29.2,15851700.0
20220215.0,29.2,29.7,28.85,29.5,5535200.0
20220216.0,29.8,29.85,29.1,29.25,4300300.0
20220217.0,29.4,29.75,29.2,29.75,3130000.0
20220218.0,29.4,29.6,29.2,29.5,3744200.0
20220221.0,29.3,29.65,28.85,29.6,6166700.0
20220222.0,29.15,29.65,28.95,29.55,4648000.0
20220223.0,29.6,29.9,29.5,29.65,4830000.0
20220224.0,29.5,29.55,28.0,28.8,14817600.0
20220225.0,29.2,29.55,29.1,29.25,4047700.0
20220228.0,29.3,29.35,28.65,28.8,4814300.0
20220301.0,28.8,28.9,28.35,28.55,6802600.0
20220302.0,28.25,28.4,27.3,27.35,11479300.0
20220303.0,27.7,28.25,27.3,28.25,4099800.0
20220304.0,28.5,28.5,28.0,28.0,3674300.0
20220307.0,27.7,27.7,27.15,27.4,6996500.0
20220308.0,27.4,27.6,27.3,27.35,4817700.0
20220309.0,27.3,27.5,27.0,27.0,4310900.0
20220310.0,27.55,27.55,26.95,26.95,4006000.0
20220311.0,26.95,27.4,26.9,27.3,2941600.0
20220314.0,27.25,27.35,26.95,27.1,2358200.0
20220315.0,27.15,27.45,27.1,27.2,2024200.0
20220316.0,27.4,27.4,27.0,27.15,3690400.0
20220317.0,27.45,27.8,27.25,27.5,3335700.0
20220318.0,27.85,28.15,27.6,27.6,2331600.0
20220321.0,27.6,28.3,27.6,28.3,3361200.0
20220322.0,28.45,28.5,28.15,28.3,3100400.0
20220323.0,28.4,28.5,28.0,28.0,2676600.0
20220324.0,28.0,28.3,27.8,28.1,2563200.0
20220325.0,28.1,28.2,27.95,27.95,2374000.0
20220328.0,27.7,28.2,27.3,27.4,3373300.0
20220329.0,27.45,27.7,27.25,27.55,1820800.0
20220330.0,27.7,28.4,27.6,28.3,5840700.0
20220331.0,28.65,28.7,28.15,28.35,2562900.0
20220401.0,28.1,29.45,28.0,29.45,7510400.0
20220404.0,29.9,29.9,29.0,29.1,5171400.0
20220405.0,29.1,29.5,28.75,28.75,2532700.0
20220406.0,28.6,29.25,28.55,29.0,4630400.0
20220407.0,29.15,29.5,28.9,28.9,6900400.0
20220408.0,29.0,29.25,28.25,28.25,2462900.0
20220412.0,28.25,28.3,27.6,27.8,3126000.0
20220413.0,27.8,28.25,27.5,28.0,3384900.0
20220414.0,28.0,28.1,27.3,27.3,3783800.0
20220415.0,27.3,27.5,26.25,26.3,5895200.0
20220418.0,26.3,26.7,25.6,26.0,3617400.0
20220419.0,26.4,26.5,25.85,25.9,3081000.0
20220420.0,25.9,26.2,25.7,25.75,3150300.0
20220421.0,25.7,25.8,25.072696551077467,24.9,4749600.0
20220422.0,25.15,25.7,24.7,25.15,3343400.0
20220425.0,25.15,25.43338946414206,24.64880850918414,23.55,4043700.0
20220426.0,23.0,24.6,22.7,24.5,4387900.0
20220427.0,24.3,25.2,23.95,25.0,2477600.0
20220428.0,25.0,25.45,25.0,25.2,2841700.0
20220429.0,25.35,25.45,25.0,25.3,2248100.0
20220504.0,25.25,25.3,24.8,24.8,2188600.0
20220505.0,25.0,25.2,24.5,25.15,1473300.0
20220506.0,24.3,24.8,24.0,24.05,2186300.0
20220509.0,23.55,23.95,22.8,23.0,4028300.0
20220510.0,22.6,22.83271780880849,22.4,24.05,3446700.0
20220511.0,24.1,24.5,23.75,24.25,1473500.0
20220512.0,24.0,24.05,22.8,22.95,2914500.0
20220513.0,22.9,23.3,22.342651879699247,22.2,4888300.0
20220516.0,22.9,22.95,22.0,22.5,2452800.0
20220517.0,22.9,24.0,22.05,24.0,2515100.0
20220518.0,24.0,24.35,23.6,24.0,2847700.0
20220519.0,23.65,24.4,23.25,24.3,3109400.0
20220520.0,24.3,24.7,24.0,24.35,2321500.0
